{
  "dependencies": {
    "identityapp1": {
      "type": "identityapp",
      "connectionId": "",
      "suggestion": "true",
      "ignored": "true"
    },
    "storage1": {
      "type": "storage",
      "connectionId": "ConnectionStrings:AzureStorageConnection",
      "suggestion": "true",
      "ignored": "true"
    },
    "mssql1": {
      "resourceId": "/subscriptions/[parameters('subscriptionId')]/resourcegroups/[parameters('resourceGroupName')]/providers/Microsoft.Sql/servers/moviesapidbserver567/databases/MoviesAPI_db",
      "type": "mssql.azure",
      "connectionId": "ConnectionStrings:DefaultConnection",
      "secretStore": "AzureAppSettings"
    }
  }
}